{
    "attraction-area": [
        "centre",
        "centre|west",
        "do not care",
        "east",
        "none",
        "north",
        "south",
        "west"
    ],
    "attraction-name": [
        "abbey pool",
        "abbey pool and astroturf",
        "abbey pool and astroturf pitch",
        "abc theatre",
        "adc",
        "adc theatre",
        "all saints church",
        "ballare",
        "bed",
        "boat",
        "botanic gardens",
        "broughton house gallery",
        "byard art",
        "cafe jello gallery",
        "cafe jello museum",
        "cafe uno",
        "caf\u008e jello galery",
        "camboats",
        "camboats|funky fun house",
        "cambride and country folk museum",
        "cambridge",
        "cambridge and country folk museum",
        "cambridge and county folk museum",
        "cambridge arts theatre",
        "cambridge artworks",
        "cambridge book and print gallery",
        "cambridge botanic gardens",
        "cambridge contemporary art",
        "cambridge contemporary art museum",
        "cambridge corn exchange",
        "cambridge museum of technology",
        "cambridge punter",
        "cambridge temporary art",
        "cambridge university botanic gardens",
        "castle galleries",
        "castle galleries|primavera",
        "cherry hinton hall",
        "cherry hinton hall and grounds",
        "cherry hinton village centre",
        "cherry hinton water park",
        "cherry hinton water play",
        "cherry hinton water play park",
        "christ college",
        "christs church",
        "christs college|downing college",
        "christs college|saint catharines",
        "churchhill college",
        "churchill",
        "churchills college",
        "cinema cinema",
        "cineworld cinema",
        "clare college",
        "clare hall",
        "club salsa",
        "college",
        "contemporary art museum",
        "corn cambridge exchange",
        "corpus christi",
        "county folk museum",
        "do not care",
        "downing college",
        "emmanuel college",
        "fitzwilliam museum",
        "funky fun house",
        "gallery",
        "gallery at 12 a high street",
        "gonville and caius college",
        "great saint marys church",
        "history of science museum",
        "holy trinity church",
        "home from home",
        "hughes hall",
        "jesus college",
        "jesus green",
        "jesus green outdoor pool",
        "kambar",
        "kettles yard",
        "king hedges learner pool",
        "kings college",
        "kings college|hughes hall",
        "kings hedges learner pool",
        "kohinoor",
        "lammas land park",
        "little saint marys church",
        "lynne strover gallery",
        "magdalene college",
        "man on the moon",
        "milton country park",
        "mumford theatre",
        "museum",
        "museum of archaeology",
        "museum of archaeology and anthropology",
        "museum of archaeology and anthropology|fitzwilliam museum",
        "museum of classical archaeology",
        "none",
        "nusha",
        "nusha|tenpin",
        "old schools",
        "older churches",
        "parkside pools",
        "pembroke college",
        "peoples portraits exhibition",
        "peoples portraits exhibition at girton college",
        "place",
        "primavera",
        "queens",
        "queens college",
        "regency gallery",
        "riverboat georgina",
        "ruskin gallery",
        "saint barnabas press gallery",
        "saint catharines college",
        "saint johns college",
        "salsa",
        "school",
        "scott polar",
        "scott polar museum",
        "scudamore",
        "scudamores punti co|the cambridge punter",
        "scudamores punting co",
        "scudamores punting co|cambridge punters",
        "scudamores punting co|the cambridge punter",
        "sheeps green",
        "sheeps green and lammas land park fen causeway",
        "sidney sussex college",
        "sidney sussex|gonville and caius",
        "soul tree nightclub",
        "soultree",
        "st catharines college",
        "st christs college",
        "tenpin",
        "tenpin|nusha",
        "thanh",
        "the cambridge arts theatre",
        "the cambridge artworks",
        "the cambridge corn exchange",
        "the castle galleries",
        "the churchill college",
        "the fez club",
        "the junction",
        "the man on the moon",
        "the place",
        "the wandlebury",
        "trinity college",
        "trinity street college",
        "vue cinema",
        "wandlebury country park",
        "whale of a time",
        "whale of time",
        "whipple museum of the history of science",
        "whippple museum",
        "williams art and antiques"
    ],
    "attraction-type": [
        "architecture",
        "boat",
        "boating",
        "camboats",
        "church",
        "churchills college",
        "cinema",
        "college",
        "concert hall",
        "concerthall|boat",
        "do not care",
        "entertainment",
        "entertainment|cinemas|museums|theatres",
        "hiking|historical",
        "multiple sports",
        "multiple sports|theatre",
        "museum",
        "museum kettles yard",
        "museum|nightclub",
        "nightclub",
        "none",
        "outdoor",
        "park",
        "park|boat",
        "special",
        "swimming pool",
        "theatre"
    ],
    "hotel-area": [
        "centre",
        "do not care",
        "east",
        "none",
        "north",
        "south",
        "west",
        "west|centre"
    ],
    "hotel-book day": [
        "do not care",
        "friday",
        "fridaytuesday",
        "monday",
        "mondaythursday",
        "none",
        "saturday",
        "saturday|tuesday",
        "sunday",
        "sundaymonday",
        "thursday",
        "tuesday",
        "wednesday",
        "wednesday|friday"
    ],
    "hotel-book people": [
        "1",
        "2",
        "3",
        "4",
        "5",
        "6",
        "7",
        "8",
        "none"
    ],
    "hotel-book stay": [
        "1",
        "2",
        "3",
        "3|1",
        "4",
        "5",
        "5|4",
        "6",
        "7",
        "8",
        "none"
    ],
    "hotel-internet": [
        "do not care",
        "false",
        "none",
        "true"
    ],
    "hotel-name": [
        "a and b guest house",
        "acorn guest house",
        "acorn place",
        "alesbray lodge guest house",
        "alexander bed and breakfast",
        "alexander bed and breakfast|el shaddai",
        "alexander bed and breakfast|university arms hotel",
        "alexander|el shaddai|gonville hotel|university arms hotl",
        "allenbell",
        "allenbell|alexander bed and breakfast",
        "allenbell|autumn house|leverton house",
        "alpha milton guest house",
        "anatolia",
        "arbury lodge guest house",
        "archway house",
        "ashely hotel|lovell lodge",
        "ashley hotel",
        "ashley hotel|lovell lodge",
        "ashley hotel|lovell lodge|cityroomz",
        "autumn house",
        "avalon",
        "aylesbray lodge guest house",
        "aylesbray lodge guest house|rosas bed and breakfast",
        "belfy hotel",
        "bridge guest house",
        "bridge guest house|aylesbray lodge guest house",
        "cambridge belfray",
        "cambridge belfry",
        "carolina bed and breakfast",
        "cherr",
        "city centre bed and breakfast|el shaddai",
        "city centre north bed and breakfast",
        "city centre north bed and breakfast|el shaddai",
        "cityroomz",
        "do not care",
        "el shaddia guest house",
        "express by holiday inn cambridge",
        "finches bed and breakfast",
        "gonville hotel",
        "gonville hotel|the lensfield hotel",
        "hamilton lodge",
        "hobsons house",
        "holiday inn",
        "holiday inn cambridge",
        "home from home",
        "huntingdon marriott hotel",
        "huntingdon marriott hotel|cambridge belfry",
        "huntingdon marriott hotel|university arms hotel",
        "kirkwood",
        "kirkwood house",
        "lensfield hotel",
        "leverton house",
        "limehouse",
        "lovell lodge",
        "marriot hotel",
        "no",
        "none",
        "north bed and breakfast",
        "nothamilton lodge",
        "rosas bed and breakfast",
        "sleeperz",
        "sou",
        "super 5",
        "the acorn guest house",
        "the allenbell|autumn house|leverton house",
        "the alpha milton|the hamilton lodge",
        "the ashley hotel|lovell lodge",
        "the cambridge belfry",
        "the gonvile hotel",
        "the worth house",
        "university arms hotel",
        "wandlebury coutn",
        "wankworth house",
        "warkworth house",
        "warkworth house|autumn house",
        "wartworth",
        "worth house",
        "yes"
    ],
    "hotel-parking": [
        "do not care",
        "false",
        "none",
        "true"
    ],
    "hotel-pricerange": [
        "$100",
        "cheap",
        "cheapmoderate",
        "cheap|moderate",
        "do not care",
        "expensive",
        "moderate",
        "moderate|cheap",
        "none"
    ],
    "hotel-stars": [
        "0",
        "1",
        "2",
        "3",
        "3|4",
        "4",
        "4|5",
        "5",
        "do not care",
        "none"
    ],
    "hotel-type": [
        "do not care",
        "false",
        "hotel|guest house",
        "none",
        "true"
    ],
    "restaurant-area": [
        "centre",
        "do not care",
        "east",
        "east|south",
        "none",
        "north",
        "south",
        "west"
    ],
    "restaurant-book day": [
        "do not care",
        "friday",
        "monday",
        "none",
        "saturday",
        "saturday|thursday",
        "sunday",
        "sunday|thursday",
        "thursday",
        "tuesday",
        "wednesday"
    ],
    "restaurant-book people": [
        "1",
        "2",
        "3",
        "4",
        "4|7",
        "5",
        "6",
        "7",
        "8",
        "none"
    ],
    "restaurant-book time": [
        "01:00",
        "03:00",
        "06:30",
        "08:45",
        "09:00",
        "09:15",
        "09:30",
        "09:45",
        "10:00",
        "10:15",
        "10:30",
        "10:45",
        "10:48",
        "1145",
        "11:00",
        "11:15",
        "11:30",
        "11:30|12:30",
        "11:45",
        "12:00",
        "12:15",
        "12:30",
        "12:45",
        "1330",
        "1345",
        "13:00",
        "13:15",
        "13:30",
        "13:45",
        "1430",
        "14:00",
        "14:15",
        "14:30",
        "14:40",
        "14:45",
        "15:00",
        "15:15",
        "15:30",
        "15:30|16:30",
        "15:45",
        "16:00",
        "16:15",
        "16:30",
        "16:45",
        "1715",
        "17:00",
        "17:00|16:00",
        "17:15",
        "17:30",
        "17:30|16:30",
        "17:45",
        "18:00",
        "18:00|12:15",
        "18:15",
        "18:30",
        "18:45",
        "19:00",
        "19:15",
        "19:30",
        "19:45",
        "20:00",
        "20:15",
        "20:30",
        "20:45",
        "21:00",
        "21:45",
        "22:00",
        "9",
        "do not care",
        "none"
    ],
    "restaurant-food": [
        "afghan",
        "african",
        "afternoon tea",
        "american",
        "asian",
        "asian oriental",
        "australian",
        "australian|indian",
        "austrian",
        "barbeque",
        "barbequemodern european",
        "basque",
        "belgian",
        "bistro",
        "brazilian",
        "brazilian|portuguese",
        "british",
        "canapes",
        "cantonese",
        "caribbean",
        "caribbeanindian",
        "catalan",
        "chinese",
        "chinese|mexican",
        "christmas",
        "corsica",
        "creative",
        "crossover",
        "cuban",
        "danish",
        "do not care",
        "dojo noodle bar",
        "eastern european",
        "english",
        "eritrean",
        "european",
        "french",
        "fusion",
        "gastropub",
        "german",
        "greek",
        "halal",
        "hungarian",
        "indian",
        "indonesian",
        "international",
        "irish",
        "italian",
        "italian|indian",
        "jamaican",
        "jamaicanchinese",
        "japanese",
        "korean",
        "kosher",
        "kosher|british",
        "latin american",
        "lebanese",
        "light bites",
        "malaysian",
        "mediterranean",
        "mexican",
        "middle eastern",
        "modern american",
        "modern eclectic",
        "modern english",
        "modern european",
        "modern global",
        "molecular gastronomy",
        "moroccan",
        "new zealand",
        "none",
        "north african",
        "north american",
        "north americanindian",
        "north indian",
        "northern european",
        "panasian",
        "persian",
        "polish",
        "polynesian",
        "portuguese",
        "romanian",
        "russian",
        "scandinavian",
        "scottish",
        "seafood",
        "singaporean",
        "south african",
        "south indian",
        "spanish",
        "spanish|portuguese",
        "sri lankan",
        "steakhouse",
        "sushi",
        "swedish",
        "swiss",
        "thai",
        "thai and chinese",
        "the americas",
        "traditional",
        "traditional american",
        "turkish",
        "tuscan",
        "unusual",
        "vegetarian",
        "venetian",
        "vietnamese",
        "welsh",
        "world"
    ],
    "restaurant-name": [
        "17",
        "2 two",
        "2 two and cote",
        "4 kings parade city centre",
        "ali baba",
        "alimentum",
        "anatolia",
        "anatolia and efes restaurant",
        "ask",
        "autumn house",
        "backstreet bistro",
        "bangkok city",
        "barbakan",
        "bedouin",
        "binh",
        "bloomsbury restaurant",
        "cafe uno",
        "cambridge chop house",
        "cambridge lodge restaurant",
        "charlie",
        "charlie chan",
        "chiquito",
        "chiquito restaurant bar",
        "city stop restaurant",
        "clowns cafe",
        "cocum",
        "copper kettle",
        "cote",
        "cotto",
        "cow pizza kitchen and bar",
        "curry garden",
        "curry king",
        "curry prince",
        "curry prince|rajmahal",
        "curry queen",
        "da vinci pizzeria",
        "darrys cookhouse and wine shop",
        "de luca cucina and bar",
        "de luca cucina and bar riverside brasserie",
        "do not care",
        "dojo noodle bar",
        "dojo noodle bar|j restaurant",
        "don pasquale pizzeria",
        "efes",
        "efes restaurant",
        "el shaddia guest house",
        "eraina",
        "eraina and michaelhouse cafe",
        "european",
        "fitzbillies restaurant",
        "frankie and bennys",
        "funky",
        "galleria",
        "gardenia",
        "golden curry",
        "golden house",
        "golden wok",
        "golden wok|nirala",
        "good luck",
        "gourmet burger kitchen",
        "gourmet formal kitchen",
        "graffiti",
        "grafton hotel",
        "grafton hotel restaurant",
        "hakka",
        "hk fusion",
        "hotel du vin and bistro",
        "hotpot",
        "ian hong house",
        "india house",
        "india west",
        "j restaurant",
        "jinling noodle bar",
        "kitchen and bar",
        "kohinoor",
        "kymmoy",
        "la margherita",
        "la mimosa",
        "la raza",
        "la tasca",
        "lan hong house",
        "limehouse",
        "little seoul",
        "loch fyne",
        "lucky star",
        "mahal",
        "mahal of cambridge",
        "maharajah tandoori restaurant",
        "meghna",
        "meze bar",
        "meze bar restaurant",
        "michaelhouse cafe",
        "midsummer house restaurant",
        "missing sock",
        "molecular gastronomy",
        "nandos",
        "nandos city centre",
        "nil",
        "nirala",
        "no",
        "none",
        "oak bistro",
        "panahar",
        "parkside pools",
        "peking restaurant",
        "pipasha restaurant",
        "pizza express",
        "pizza hut",
        "pizza hut cherry hinton",
        "pizza hut cherry hinton|alimentum",
        "pizza hut city centre",
        "pizza hut fenditton",
        "prezzo",
        "primavera",
        "rajmahal",
        "restaurant 17",
        "restaurant 2 two",
        "restaurant 22",
        "restaurant alimentum",
        "rice boat",
        "rice house",
        "river bar steakhouse and grill",
        "riverside brasserie",
        "royal spice",
        "royal standard",
        "saffron brasserie",
        "saigon city",
        "saint johns chop house",
        "sala thong",
        "sala thong|bangkok city",
        "scudamores punt",
        "sesame restaurant and bar",
        "shanghai",
        "shanghai family restaurant",
        "shiraz",
        "sitar",
        "sitar tandoori",
        "slug and lettuce",
        "south",
        "stazione restaurant and coffee bar",
        "taj tandoori",
        "tandoori",
        "tandoori palace",
        "tang chinese",
        "thanh binh",
        "the bedouin",
        "the cow pizza kitchen and bar",
        "the gandhi",
        "the gardenia",
        "the golden house",
        "the grafton hotel",
        "the hotpot",
        "the kohinoor",
        "the lucky star",
        "the maharajah tandoor",
        "the meze bar",
        "the missing sock",
        "the nirala",
        "the oak bistro",
        "the peking",
        "the peking restaurant:",
        "the river bar steakhouse and grill",
        "the slug and lettuce",
        "the varsity restaurant",
        "travellers rest",
        "ugly duckling",
        "wagamama",
        "wise buddha",
        "yipee noodle bar",
        "yippee noodle bar",
        "yu garden",
        "zizzi cambridge"
    ],
    "restaurant-pricerange": [
        "cheap",
        "do not care",
        "expensive",
        "moderate",
        "moderate|cheap",
        "none"
    ],
    "taxi-arriveby": [
        "00:00",
        "00:15",
        "00:30",
        "00:45",
        "01:00",
        "01:15",
        "01:30",
        "01:45",
        "02:00",
        "02:15",
        "02:30",
        "02:45",
        "03:00",
        "03:15",
        "03:30",
        "03:45",
        "04:00",
        "04:15",
        "04:30",
        "04:45",
        "05:15",
        "05:30",
        "06:00",
        "06:15",
        "06:30",
        "06:45",
        "07:00",
        "07:15",
        "07:30",
        "07:45",
        "08:00",
        "08:15",
        "08:30",
        "09:00",
        "09:15",
        "09:30",
        "09:45",
        "10:00",
        "10:15",
        "10:30",
        "10:45",
        "11:00",
        "11:15",
        "11:30",
        "11:45",
        "12:00",
        "12:15",
        "12:30",
        "12:45",
        "13:00",
        "13:05",
        "13:15",
        "13:30",
        "13:45",
        "14:00",
        "14:15",
        "14:30",
        "14:45",
        "15 minutes",
        "15:00",
        "15:15",
        "15:23",
        "15:30",
        "15:45",
        "16:00",
        "16:15",
        "16:30",
        "16:45",
        "17:00",
        "17:05",
        "17:15",
        "17:30",
        "17:45",
        "18:00",
        "18:15",
        "18:30",
        "18:45",
        "19:00",
        "19:15",
        "19:30",
        "19:45",
        "20:00",
        "20:15",
        "20:30",
        "20:45",
        "21:00",
        "21:15",
        "21:30",
        "21:45",
        "22:00",
        "22:15",
        "22:30",
        "23:00",
        "23:15",
        "23:30",
        "do not care",
        "none"
    ],
    "taxi-departure": [
        "172 chestertown road",
        "4455 woodbridge road",
        "a and b guest house",
        "abbey pool and astroturf pitch",
        "acorn guest house",
        "acorn guest house|hakka",
        "adc theatre",
        "addenbrookes hospital",
        "alexander bed and breakfast",
        "ali baba",
        "all saints church",
        "allenbell",
        "alpha milton guest house",
        "alyesbray lodge hotel",
        "anatolia",
        "arbury lodge guest house",
        "archway house",
        "ashley hotel",
        "ask",
        "autumn house",
        "avalon",
        "aylesbray lodge guest house",
        "backstreet bistro",
        "ballare",
        "bangkok city",
        "bedouin",
        "birmingham new street train station",
        "bishops stortford train station",
        "bloomsbury restaurant",
        "bridge guest house",
        "broughton house gallery",
        "broxbourne train station",
        "byard art",
        "cafe jello gallery",
        "cafe uno",
        "caffee uno",
        "camboats",
        "cambridge",
        "cambridge and county folk museum",
        "cambridge arts theatre",
        "cambridge artworks",
        "cambridge belfry",
        "cambridge book and print gallery",
        "cambridge chop house",
        "cambridge contemporary art",
        "cambridge lodge restaurant",
        "cambridge museum of technology",
        "cambridge punter",
        "cambridge towninfo centre",
        "cambridge train station",
        "cambridge university botanic gardens",
        "carolina bed and breakfast",
        "castle galleries",
        "centre of town at my hotel",
        "charlie chan",
        "cherry hinton hall and grounds",
        "cherry hinton village center",
        "cherry hinton village centre",
        "cherry hinton water play",
        "chiquito restaurant bar",
        "christ college",
        "churchills college",
        "cineworld cinema",
        "citiroomz",
        "city centre north bed and breakfast",
        "city stop restaurant",
        "cityroomz",
        "clair hall",
        "clare college",
        "clare hall",
        "clowns cafe",
        "club salsa",
        "cocum",
        "copper kettle",
        "corpus christi",
        "cote",
        "cotto",
        "cow pizza kitchen and bar",
        "curry garden",
        "curry king",
        "curry prince",
        "curry queen",
        "da vinci pizzeria",
        "darrys cookhouse and wine shop",
        "de luca cucina and bar",
        "dojo noodle bar",
        "don pasquale pizzeria",
        "downing college",
        "downing street",
        "el shaddia guest house",
        "ely",
        "ely train station",
        "emmanuel college",
        "eraina",
        "express by holiday inn cambridge",
        "finches bed and breakfast",
        "fitzbillies restaurant",
        "fitzwilliam museum",
        "frankie and bennys",
        "funky fun house",
        "galleria",
        "gallery at 12 a high street",
        "girton college",
        "golden curry",
        "golden house",
        "golden wok",
        "gonville and caius college",
        "gonville hotel",
        "good luck",
        "gourmet burger kitchen",
        "graffiti",
        "grafton hotel restaurant",
        "great saint marys church",
        "hakka",
        "hamilton lodge",
        "hobsons house",
        "holy trinity church",
        "home",
        "home from home",
        "hotel",
        "hotel du vin and bistro",
        "hughes hall",
        "huntingdon marriott hotel",
        "india house",
        "j restaurant",
        "jesus college",
        "jesus green outdoor pool",
        "jinling noodle bar",
        "junction theatre",
        "kambar",
        "kettles yard",
        "kings college",
        "kings hedges learner pool",
        "kings lynn train station",
        "kirkwood house",
        "kohinoor",
        "kymmoy",
        "la margherita",
        "la mimosa",
        "la raza",
        "la tasca",
        "lan hong house",
        "lensfield hotel",
        "leverton house",
        "limehouse",
        "little saint marys church",
        "little seoul",
        "loch fyne",
        "london kings cross train station",
        "london liverpool street",
        "london liverpool street train station",
        "lovell lodge",
        "lynne strover gallery",
        "magdalene college",
        "mahal of cambridge",
        "maharajah tandoori restaurant",
        "meghna",
        "meze bar",
        "michaelhouse cafe",
        "milton country park",
        "mumford theatre",
        "museum",
        "museum of archaeology and anthropology",
        "museum of classical archaeology",
        "nandos",
        "nandos city centre",
        "new england",
        "nirala",
        "none",
        "nstaot mentioned",
        "nusha",
        "old schools",
        "panahar",
        "parkside police station",
        "parkside pools",
        "peking restaurant",
        "pembroke college",
        "peoples portraits exhibition at girton college",
        "peterborough train station",
        "pizza express",
        "pizza hut cherry hinton",
        "pizza hut city centre",
        "pizza hut fenditton",
        "prezzo",
        "primavera",
        "queens college",
        "rajmahal",
        "regency gallery",
        "restaurant 17",
        "restaurant 2 two",
        "restaurant alimentum",
        "rice boat",
        "rice house",
        "riverboat georgina",
        "riverside brasserie",
        "rosas bed and breakfast",
        "royal spice",
        "royal standard",
        "ruskin gallery",
        "saffron brasserie",
        "saigon city",
        "saint barnabas press gallery",
        "saint catharines college",
        "saint johns chop house",
        "saint johns college",
        "sala thong",
        "scott polar museum",
        "scudamores punting co",
        "sesame restaurant and bar",
        "sheeps green and lammas land park",
        "sheeps green and lammas land park fen causeway",
        "shiraz",
        "sidney sussex college",
        "sitar tandoori",
        "soul tree nightclub",
        "st johns college",
        "stazione restaurant and coffee bar",
        "stevenage train station",
        "taj tandoori",
        "tandoori palace",
        "tang chinese",
        "tenpin",
        "thanh binh",
        "the cambridge corn exchange",
        "the fez club",
        "the gallery at 12",
        "the gandhi",
        "the gardenia",
        "the hotpot",
        "the junction",
        "the lucky star",
        "the man on the moon",
        "the missing sock",
        "the oak bistro",
        "the place",
        "the river bar steakhouse and grill",
        "the slug and lettuce",
        "the varsity restaurant",
        "travellers rest",
        "trinity college",
        "ugly duckling",
        "university arms hotel",
        "vue cinema",
        "wagamama",
        "wandlebury country park",
        "warkworth house",
        "whale of a time",
        "whipple museum of the history of science",
        "williams art and antiques",
        "worth house",
        "yippee noodle bar",
        "yu garden",
        "zizzi cambridge"
    ],
    "taxi-destination": [
        "a and b guest house",
        "abbey pool and astroturf pitch",
        "acorn guest house",
        "adc theatre",
        "alexander bed and breakfast",
        "ali baba",
        "all saints church",
        "allenbell",
        "alpha milton guest house",
        "anatolia",
        "arbury lodge guest house",
        "archway house",
        "ashley hotel",
        "ask",
        "attraction",
        "autumn house",
        "avalon",
        "aylesbray lodge guest house",
        "backstreet bistro",
        "ballare",
        "bangkok city",
        "bedouin",
        "birmingham new street train station",
        "bishops stortford train station",
        "bloomsbury restaurant",
        "bridge guest house",
        "broughton house gallery",
        "broxbourne train station",
        "byard art",
        "cafe jello gallery",
        "cafe uno",
        "camboats",
        "cambridge",
        "cambridge and county folk museum",
        "cambridge arts theatre",
        "cambridge artworks",
        "cambridge belfry",
        "cambridge book and print gallery",
        "cambridge chop house",
        "cambridge contemporary art",
        "cambridge county fair next to the city tourist museum",
        "cambridge lodge restaurant",
        "cambridge museum of technology",
        "cambridge punter",
        "cambridge road church of christ",
        "cambridge train station",
        "cambridge university botanic gardens",
        "carolina bed and breakfast",
        "castle galleries",
        "charlie chan",
        "cherry hinton hall and grounds",
        "cherry hinton village centre",
        "cherry hinton water park",
        "cherry hinton water play",
        "chiquito restaurant bar",
        "christ college",
        "churchills college",
        "cineworld cinema",
        "city centre north bed and breakfast",
        "city stop restaurant",
        "cityroomz",
        "clare college",
        "clare hall",
        "clowns cafe",
        "club salsa",
        "cocum",
        "copper kettle",
        "corpus christi",
        "cote",
        "cotto",
        "cow pizza kitchen and bar",
        "curry garden",
        "curry king",
        "curry prince",
        "da vinci pizzeria",
        "darrys cookhouse and wine shop",
        "de luca cucina and bar",
        "dojo noodle bar",
        "don pasquale pizzeria",
        "downing college",
        "efes restaurant",
        "el shaddia guest house",
        "ely train station",
        "emmanuel college",
        "eraina",
        "express by holiday inn cambridge",
        "finches bed and breakfast",
        "finders corner newmarket road",
        "fitzbillies restaurant",
        "fitzwilliam museum",
        "frankie and bennys",
        "funky fun house",
        "galleria",
        "gallery at 12 a high street",
        "gastropub",
        "golden curry",
        "golden house",
        "golden wok",
        "gonville and caius college",
        "gonville hotel",
        "good luck",
        "gourmet burger kitchen",
        "graffiti",
        "grafton hotel restaurant",
        "great saint marys church",
        "hakka",
        "hakka|acorn guest house",
        "hamilton lodge",
        "hk fusion",
        "hobsons house",
        "holy trinity church",
        "home from home",
        "hotel du vin and bistro",
        "hughes hall",
        "huntingdon marriott hotel",
        "ian hong",
        "india house",
        "j restaurant",
        "jesus college",
        "jesus green outdoor pool",
        "jinling noodle bar",
        "kambar",
        "kettles yard",
        "kings college",
        "kings hedges learner pool",
        "kirkwood house",
        "kohinoor",
        "kymmoy",
        "la margherita",
        "la mimosa",
        "la raza",
        "la tasca",
        "lan hong house",
        "leicester train station",
        "lensfield hotel",
        "limehouse",
        "little saint marys church",
        "little seoul",
        "loch fyne",
        "london kings cross train station",
        "london liverpool street train station",
        "lovell lodge",
        "lynne strover gallery",
        "magdalene college",
        "mahal of cambridge",
        "maharajah tandoori restaurant",
        "meghna",
        "meze bar",
        "michaelhouse cafe",
        "midsummer house restaurant",
        "milton country park",
        "mumford theatre",
        "museum of archaeology and anthropology",
        "museum of classical archaeology",
        "nandos",
        "nandos city centre",
        "nil",
        "nirala",
        "none",
        "norwich train station",
        "nusha",
        "old schools",
        "panahar",
        "parkside police station",
        "parkside pools",
        "peking restaurant",
        "pembroke college",
        "peoples portraits exhibition at girton college",
        "pipasha restaurant",
        "pizza express",
        "pizza hut cherry hinton",
        "pizza hut city centre",
        "pizza hut fenditton",
        "prezzo",
        "primavera",
        "queens college",
        "rajmahal",
        "regency gallery",
        "restaurant 17",
        "restaurant 2 two",
        "restaurant alimentum",
        "rice boat",
        "rice house",
        "riverboat georgina",
        "riverside brasserie",
        "rosas bed and breakfast",
        "royal spice",
        "royal standard",
        "ruskin gallery",
        "saffron brasserie",
        "saigon city",
        "saint barnabas",
        "saint barnabas press gallery",
        "saint catharines college",
        "saint johns chop house",
        "saint johns college",
        "sala thong",
        "scott polar museum",
        "scudamores punting co",
        "sesame restaurant and bar",
        "shanghai family restaurant",
        "sheeps green and lammas land park fen causeway",
        "shiraz",
        "sidney sussex college",
        "sitar tandoori",
        "sleeperz hotel",
        "soul tree nightclub",
        "st johns chop house",
        "stansted airport train station",
        "station road",
        "stazione restaurant and coffee bar",
        "stevenage train station",
        "taj tandoori",
        "tall monument",
        "tandoori palace",
        "tang chinese",
        "tenpin",
        "thanh binh",
        "the anatolia",
        "the cambridge corn exchange",
        "the cambridge shop",
        "the fez club",
        "the gandhi",
        "the gardenia",
        "the hotpot",
        "the junction",
        "the lucky star",
        "the man on the moon",
        "the missing sock",
        "the oak bistro",
        "the place",
        "the regent street city center",
        "the river bar steakhouse and grill",
        "the slug and lettuce",
        "the varsity restaurant",
        "travellers rest",
        "trinity college",
        "ugly duckling",
        "university arms hotel",
        "vue cinema",
        "wagamama",
        "wandlebury country park",
        "wankworth hotel",
        "warkworth house",
        "whale of a time",
        "whipple museum of the history of science",
        "williams art and antiques",
        "worth house",
        "yippee noodle bar",
        "yu garden",
        "zizzi cambridge"
    ],
    "taxi-leaveat": [
        "00:00",
        "00:15",
        "00:30",
        "00:45",
        "01:00",
        "01:15",
        "01:30",
        "01:45",
        "02:00",
        "02:15",
        "02:30",
        "02:45",
        "03:00",
        "03:15",
        "03:20",
        "03:30",
        "03:45",
        "04:00",
        "04:15",
        "04:30",
        "04:45",
        "05:00",
        "05:15",
        "05:30",
        "05:45",
        "06:00",
        "06:15",
        "06:30",
        "06:45",
        "07:00",
        "07:15",
        "07:30",
        "07:45",
        "08:00",
        "08:15",
        "08:30",
        "08:45",
        "09:00",
        "09:15",
        "09:30",
        "09:45",
        "10:00",
        "10:15",
        "10:30",
        "10:45",
        "10:50",
        "11:00",
        "11:15",
        "11:30",
        "11:45",
        "12:00",
        "12:15",
        "12:30",
        "12:45",
        "13:00",
        "13:15",
        "13:30",
        "13:45",
        "14:00",
        "14:15",
        "14:30",
        "14:45",
        "15:00",
        "15:15",
        "15:25",
        "15:30",
        "15:45",
        "16:00",
        "16:15",
        "16:30",
        "16:45",
        "17:00",
        "17:15",
        "17:30",
        "17:45",
        "18:00",
        "18:15",
        "18:30",
        "18:45",
        "19:00",
        "19:15",
        "19:30",
        "19:45",
        "20:00",
        "20:15",
        "20:30",
        "20:45",
        "21:00",
        "21:15",
        "21:25",
        "21:30",
        "21:45",
        "22:00",
        "22:15",
        "22:30",
        "22:45",
        "23:00",
        "23:15",
        "23:30",
        "23:45",
        "after 02:30",
        "after 11:45",
        "after 13:45",
        "after 15:45",
        "do not care",
        "friday",
        "none",
        "thursday"
    ],
    "train-arriveby": [
        "02:00",
        "02:30",
        "03:00",
        "05:30",
        "05:52",
        "06:01",
        "06:07",
        "06:15",
        "06:30",
        "06:43",
        "06:45",
        "06:55",
        "07:00",
        "07:08",
        "07:15",
        "07:30",
        "07:35",
        "07:44",
        "07:52",
        "08:00",
        "08:07",
        "08:15",
        "08:23",
        "08:30",
        "08:44",
        "08:45",
        "08:54",
        "08:56",
        "09:00",
        "09:01",
        "09:06",
        "09:15",
        "09:30",
        "09:32",
        "09:45",
        "10:00",
        "10:07",
        "10:08",
        "10:15",
        "10:23",
        "10:30",
        "10:32",
        "10:45",
        "10:54",
        "1100",
        "11:00",
        "11:06",
        "11:15",
        "11:30",
        "11:32",
        "11:45",
        "11:52",
        "11:54",
        "12:00",
        "12:06",
        "12:07",
        "12:08",
        "12:15",
        "12:30",
        "12:43",
        "12:45",
        "13:00",
        "13:03",
        "13:06",
        "13:15",
        "13:17",
        "13:30",
        "13:32",
        "13:38",
        "13:45",
        "13:51",
        "13:52",
        "14:00",
        "14:01",
        "14:07",
        "14:15",
        "14:24",
        "14:30",
        "14:43",
        "14:45",
        "1545",
        "15:00",
        "15:01",
        "15:06",
        "15:07",
        "15:15",
        "15:24",
        "15:30",
        "15:45",
        "15:54",
        "16:00",
        "16:06",
        "16:07",
        "16:08",
        "16:15",
        "16:23",
        "16:30",
        "16:32",
        "16:44",
        "16:45",
        "16:58",
        "17:00",
        "17:15",
        "17:23",
        "17:30",
        "17:45",
        "17:51",
        "17:58",
        "18:00",
        "18:03",
        "18:07",
        "18:10",
        "18:15",
        "18:23",
        "18:30",
        "18:32",
        "18:35",
        "18:45",
        "19:00",
        "19:15",
        "19:27",
        "19:30",
        "19:32",
        "19:45",
        "19:51",
        "19:52",
        "19:54",
        "19:57",
        "19:58",
        "20:00",
        "20:06",
        "20:07",
        "20:08",
        "20:15",
        "20:20",
        "20:30",
        "20:38",
        "20:45",
        "20:54",
        "21:00",
        "21:06",
        "21:08",
        "21:15",
        "21:20",
        "21:30",
        "21:45",
        "21:51",
        "22:00",
        "22:01",
        "22:06",
        "22:07",
        "23:00",
        "23:27",
        "23:30",
        "8",
        "do not care",
        "none"
    ],
    "train-book people": [
        "1",
        "10",
        "15",
        "2",
        "3",
        "4",
        "5",
        "6",
        "7",
        "8",
        "9",
        "do not care",
        "none"
    ],
    "train-day": [
        "do not care",
        "friday",
        "monday",
        "none",
        "saturday",
        "sunday",
        "thursday",
        "tuesday",
        "wednesday"
    ],
    "train-departure": [
        "alpha milton",
        "birmingham new street",
        "bishops stortford",
        "brookshite",
        "broxbourne",
        "cambridge",
        "city hall",
        "do not care",
        "duxford",
        "east london",
        "ely",
        "huntingdon",
        "kings lynn",
        "leicester",
        "liverpool",
        "london",
        "london kings cross",
        "london liverpool",
        "london liverpool street",
        "none",
        "norwich",
        "peterborough",
        "stansted airport",
        "stevenage"
    ],
    "train-destination": [
        "birmingham new street",
        "bishops stortford",
        "bournemouth",
        "broxbourne",
        "cambridge",
        "centre",
        "do not care",
        "ely",
        "huntingdon marriott hotel",
        "kings lynn",
        "leicester",
        "liverpool",
        "liverpool street",
        "london",
        "london kings cross",
        "london liverpool street",
        "none",
        "norway",
        "norwich",
        "peterborough",
        "stansted airport",
        "stevenage"
    ],
    "train-leaveat": [
        "00:00",
        "01:44",
        "02:00",
        "05:00",
        "05:01",
        "05:11",
        "05:15",
        "05:16",
        "05:17",
        "05:24",
        "05:29",
        "05:30",
        "05:35",
        "05:36",
        "05:40",
        "05:45",
        "05:50",
        "05:54",
        "06:00",
        "06:01",
        "06:09",
        "06:10",
        "06:30",
        "06:40",
        "06:45",
        "07:00",
        "07:01",
        "07:15",
        "07:17",
        "07:21",
        "07:27",
        "07:35",
        "07:40",
        "07:45",
        "07:54",
        "08:00",
        "08:01",
        "08:06",
        "08:08",
        "08:09",
        "08:10",
        "08:11",
        "08:15",
        "08:16",
        "08:30",
        "08:32",
        "08:45",
        "08:52",
        "09:00",
        "09:11",
        "09:15",
        "09:17",
        "09:19",
        "09:23",
        "09:29",
        "09:30",
        "09:39",
        "09:40",
        "09:45",
        "09:50",
        "09:54",
        "09:59",
        "10",
        "10:00",
        "10:11",
        "10:15",
        "10:19",
        "10:21",
        "10:30",
        "10:32",
        "10:36",
        "10:45",
        "1145",
        "11:00",
        "11:01",
        "11:11",
        "11:15",
        "11:17",
        "11:21",
        "11:29",
        "11:30",
        "11:35",
        "11:45",
        "11:48",
        "11:50",
        "11:54",
        "12:00",
        "12:15",
        "12:19",
        "12:26",
        "12:30",
        "12:32",
        "12:45",
        "12:48",
        "12:56",
        "1329",
        "13:00",
        "13:01",
        "13:11",
        "13:15",
        "13:17",
        "13:24",
        "13:30",
        "13:32",
        "13:36",
        "13:39",
        "13:40",
        "13:45",
        "13:50",
        "13:54",
        "14:00",
        "14:01",
        "14:09",
        "14:15",
        "14:19",
        "14:21",
        "14:30",
        "14:40",
        "14:45",
        "1532",
        "1545",
        "15:00",
        "15:01",
        "15:11",
        "15:15",
        "15:16",
        "15:17",
        "15:24",
        "15:29",
        "15:30",
        "15:39",
        "15:45",
        "15:50",
        "15:54",
        "16:00",
        "16:15",
        "16:30",
        "16:45",
        "17:00",
        "17:01",
        "17:11",
        "17:15",
        "17:16",
        "17:21",
        "17:29",
        "17:30",
        "17:45",
        "17:50",
        "17:59",
        "18:00",
        "18:06",
        "18:09",
        "18:15",
        "18:21",
        "18:30",
        "18:36",
        "18:40",
        "18:45",
        "18:46",
        "19:00",
        "19:11",
        "19:15",
        "19:16",
        "19:17",
        "19:30",
        "19:35",
        "19:40",
        "19:45",
        "19:48",
        "19:50",
        "19:54",
        "20:00",
        "20:01",
        "20:15",
        "20:19",
        "20:21",
        "20:30",
        "20:36",
        "20:40",
        "20:45",
        "21:00",
        "21:01",
        "21:11",
        "21:15",
        "21:29",
        "21:30",
        "21:39",
        "21:45",
        "21:50",
        "22:00",
        "22:01",
        "22:09",
        "845",
        "9",
        "929",
        "after 16:30",
        "after lunch",
        "afternoon",
        "do not care",
        "morning",
        "none"
    ]
}